{
  "target": "basemyai",
  "database_bytes": 42217472,
  "metrics": [
    {
      "operation": "remember",
      "count": 500,
      "mean_ms": 363.98218040005304,
      "p50_ms": 218.3777000027476,
      "p95_ms": 656.6325000021607,
      "p99_ms": 3924.7714999946766
    },
    {
      "operation": "recall",
      "count": 500,
      "mean_ms": 294.02484640013427,
      "p50_ms": 235.2731999999378,
      "p95_ms": 624.3841999967117,
      "p99_ms": 1291.761399996176
    },
    {
      "operation": "recall_hybrid",
      "count": 500,
      "mean_ms": 241.2757064000034,
      "p50_ms": 199.30229999590665,
      "p95_ms": 475.4966999971657,
      "p99_ms": 948.4479999955511
    }
  ],
  "corpus_count": 500,
  "k": 5,
  "created_at_unix": 1781990963
}