{
  "target": "mem0_qdrant",
  "database_bytes": null,
  "infer": true,
  "metrics": [
    {
      "operation": "remember",
      "count": 100,
      "mean_ms": 3420.5960549998417,
      "p50_ms": 3554.7440000009374,
      "p95_ms": 5779.413799995382,
      "p99_ms": 9578.994800001965
    },
    {
      "operation": "recall",
      "count": 100,
      "mean_ms": 95.15531400014879,
      "p50_ms": 95.56870000233175,
      "p95_ms": 118.25449999741977,
      "p99_ms": 131.53750000492437
    }
  ],
  "growth": {
    "remember": {
      "first_quartile_mean_ms": 2704.5046559986076,
      "last_quartile_mean_ms": 3546.2271400005557,
      "growth_ratio": 1.3112298150920179
    },
    "recall": {
      "first_quartile_mean_ms": 94.52314799971646,
      "last_quartile_mean_ms": 97.73610400006874,
      "growth_ratio": 1.033991208167992
    }
  },
  "remember_raw_ms": [
    8038.182500000403,
    1647.9634999996051,
    1627.5491999986116,
    1839.3482999963453,
    1334.4400999994832,
    1542.1520000018063,
    2825.7124000010663,
    1670.639999996638,
    2700.288599997293,
    3010.2550000010524,
    2243.471599998884,
    2571.6399000011734,
    1942.1731999973417,
    3744.307699998899,
    3917.930899995554,
    3156.2388999955147,
    3218.3302999983425,
    2227.4868999957107,
    1744.0013000014005,
    2633.17389999429,
    4625.623799998721,
    1554.3939999988652,
    1769.4034000014653,
    4143.187699999544,
    1884.7212999971816,
    2467.205000000831,
    3468.2927999965614,
    3665.876200000639,
    3503.2246999981,
    2230.1258000006783,
    2067.0441999973264,
    6690.692399999534,
    9616.767999999865,
    9578.994800001965,
    5779.413799995382,
    5059.861100002308,
    2766.129200004798,
    3750.2095000018016,
    1562.5904999978957,
    3554.7440000009374,
    4385.159800003748,
    3816.402399999788,
    2129.657600002247,
    7493.249499995727,
    1888.8192000013078,
    1726.692299998831,
    2773.283499998797,
    1586.9670000029146,
    4480.829400003131,
    1696.6510999991442,
    3522.4801000003936,
    4347.391400006018,
    3708.583699997689,
    1744.730400001572,
    2968.9689000006183,
    2542.79900000256,
    4418.091600004118,
    3181.061299997964,
    4153.32479999779,
    3888.398300005065,
    5332.14240000234,
    4549.885699998413,
    4222.868800003198,
    4787.075999993249,
    4086.6989999994985,
    3929.277199997159,
    1521.4360000027227,
    1577.3005999944871,
    4521.249599994917,
    1518.7279999954626,
    1586.8606000003638,
    1539.9716999963857,
    4725.459100001899,
    4720.3886000061175,
    4957.25400000083,
    1494.1161000024294,
    1847.9828000054113,
    1915.8577999987756,
    4089.882000000216,
    3925.5929999999353,
    4240.912000001117,
    1586.5392999985488,
    4281.727200002933,
    4744.742000002589,
    4856.6860999999335,
    3665.4194000002462,
    3965.454999997746,
    4541.285599996627,
    4947.855500002333,
    1544.2622000045958,
    1646.6643000021577,
    4637.819099996705,
    4631.611099997826,
    4630.6838000018615,
    1579.3425000010757,
    3808.899100004055,
    3899.3066000039107,
    4685.383399999409,
    3770.9783999962383,
    3716.6741999972146
  ],
  "recall_raw_ms": [
    110.11059999873396,
    85.0773999991361,
    99.74939999665366,
    76.89870000467636,
    81.75499999924796,
    74.85989999986487,
    82.28939999389695,
    98.99210000003222,
    92.96209999592975,
    103.73650000110501,
    164.61189999972703,
    107.79449999972712,
    90.58740000182297,
    100.3950000012992,
    88.69299999787472,
    87.70990000630263,
    95.54879999632249,
    88.17070000077365,
    88.12480000051437,
    106.3815000015893,
    83.12969999678899,
    63.36100000044098,
    103.4319999962463,
    79.54420000169193,
    109.1632000025129,
    97.12089999811724,
    102.88740000396501,
    81.18230000400217,
    104.3327999941539,
    75.93500000075437,
    88.9275000008638,
    110.69610000413377,
    96.23019999708049,
    107.72370000631781,
    104.0967000008095,
    101.17069999978412,
    85.86300000024494,
    82.07589999801712,
    82.41540000017267,
    96.67800000170246,
    84.6598999996786,
    89.02900000248337,
    107.79250000632601,
    88.29589999368181,
    88.6605000050622,
    118.25449999741977,
    89.25830000225687,
    86.73670000280254,
    98.05339999729767,
    104.84310000174446,
    90.89259999745991,
    87.8722999987076,
    78.14259999577189,
    119.14249999972526,
    95.44050000113202,
    118.56390000320971,
    77.96219999727327,
    83.17099999840138,
    90.27090000017779,
    97.54569999495288,
    73.37480000569485,
    100.12329999881331,
    102.51680000510532,
    69.0312000006088,
    96.04620000027353,
    103.24799999943934,
    101.44900000159396,
    115.23429999942891,
    64.4008999952348,
    107.32329999882495,
    83.441100003256,
    95.56870000233175,
    105.2440999992541,
    66.56360000488348,
    113.56119999982184,
    107.39450000255601,
    101.68459999840707,
    96.39150000293739,
    100.97450000466779,
    88.04849999432918,
    90.10490000218851,
    98.81410000525648,
    95.23869999975432,
    81.42139999836218,
    88.17280000221217,
    88.51539999886882,
    80.34519999637268,
    90.14359999855515,
    100.94889999891166,
    126.43219999881694,
    94.78710000257706,
    105.05779999948572,
    97.52219999791123,
    106.6897999990033,
    96.05339999689022,
    92.7090999975917,
    96.75630000128876,
    96.4248000018415,
    131.53750000492437,
    91.23379999800818
  ],
  "corpus_count": 100,
  "k": 5,
  "created_at_unix": 1783650145
}