{
  "target": "mem0_qdrant",
  "database_bytes": null,
  "infer": true,
  "metrics": [
    {
      "operation": "remember",
      "count": 100,
      "mean_ms": 4152.50364599995,
      "p50_ms": 4713.516699999673,
      "p95_ms": 5813.569500000085,
      "p99_ms": 6392.136200000095
    },
    {
      "operation": "recall",
      "count": 100,
      "mean_ms": 123.38286100011828,
      "p50_ms": 112.53680000118038,
      "p95_ms": 187.27730000136944,
      "p99_ms": 244.70120000114548
    }
  ],
  "growth": {
    "remember": {
      "first_quartile_mean_ms": 3686.0641359996953,
      "last_quartile_mean_ms": 4308.762604000076,
      "growth_ratio": 1.1689331615038485
    },
    "recall": {
      "first_quartile_mean_ms": 123.44374800020887,
      "last_quartile_mean_ms": 135.42763200028276,
      "growth_ratio": 1.09707971601813
    }
  },
  "remember_raw_ms": [
    2372.1155999992334,
    2216.209299998809,
    3199.5941000004677,
    2015.228299998853,
    2399.3322999995144,
    5043.631399999867,
    5319.09959999939,
    2355.4899000009755,
    4584.445000000414,
    3279.2843999995966,
    4713.71790000012,
    2505.316099999618,
    4815.06040000022,
    3828.0911999991076,
    2207.6687999997375,
    2213.769100000718,
    4934.040500000265,
    3210.1578999991034,
    5047.096700000111,
    3193.6632999986614,
    4754.735499998787,
    2720.937699999922,
    4695.9765999999945,
    4984.067699999287,
    5542.874099999608,
    2445.6742999991548,
    4624.4168000012,
    5117.65049999849,
    6040.989099999933,
    2729.4591999998374,
    4253.262499998527,
    5610.4421,
    6392.136200000095,
    5634.4265000007,
    2942.5919000004797,
    3133.625700000266,
    3248.1685999991896,
    4503.918299998986,
    2560.5182999988756,
    2410.095799999908,
    2236.499399999957,
    3268.507099999624,
    2639.2848000014055,
    6072.346199998719,
    2086.4387999990868,
    4845.180099999197,
    3515.244000000166,
    2247.2030999997514,
    5384.709400001157,
    2950.9203000015987,
    5242.755700000998,
    5528.148700001111,
    5319.230499999321,
    6541.988900000433,
    3785.7371000009152,
    4752.6089000002685,
    4825.312500001019,
    2826.558099999602,
    5165.9920000001875,
    4713.516699999673,
    4732.770100001289,
    5497.885500000848,
    5249.027500000011,
    5813.569500000085,
    2869.7527999993326,
    2992.403900001591,
    2013.2668000005651,
    4824.718199999552,
    6300.047300001097,
    5029.552599999079,
    2919.1554999997607,
    5437.78679999923,
    5483.490399999937,
    5539.869199999885,
    5080.841899998632,
    4853.852000000188,
    2401.573200000712,
    2699.207799998476,
    5396.112899999935,
    4869.735299998865,
    5572.74740000139,
    2655.000700000528,
    5100.497999999789,
    5692.79110000025,
    5535.891600000468,
    3198.1992999990325,
    2238.3322000005137,
    4277.751900001022,
    5109.058900001401,
    2134.0914000011253,
    2919.47269999946,
    5561.096499999621,
    4345.052799999394,
    4837.6367000000755,
    4997.711599999093,
    5339.109799999278,
    5449.360800001159,
    5648.53100000073,
    2502.173599999878,
    4384.075899999516
  ],
  "recall_raw_ms": [
    285.9728000003088,
    244.70120000114548,
    87.82939999946393,
    124.86249999892607,
    176.3952999990579,
    138.4879000015644,
    113.09479999908945,
    98.72600000016973,
    106.05300000133866,
    106.77460000079009,
    138.26289999997243,
    82.69899999868358,
    107.7093000003515,
    91.06099999917205,
    103.19259999960195,
    108.45970000082161,
    114.22579999998561,
    122.50550000135263,
    106.61189999882481,
    84.15010000135226,
    112.53680000118038,
    97.75230000013835,
    103.90370000095572,
    135.2048000007926,
    94.92080000018177,
    80.83599999918079,
    94.62059999896155,
    90.38230000078329,
    94.19820000039181,
    104.98629999892728,
    84.32510000056936,
    98.68599999936123,
    94.58460000132618,
    80.27180000135559,
    99.96139999930165,
    107.73380000136967,
    92.92160000040894,
    83.46619999974791,
    93.31840000049851,
    104.57140000107756,
    106.75039999841829,
    138.2841999984521,
    112.18299999927694,
    108.18540000036592,
    106.21060000084981,
    75.05160000073374,
    107.04690000056871,
    98.33360000084213,
    85.51939999961178,
    109.3113999995694,
    105.88929999903485,
    105.51680000025954,
    89.58539999912318,
    79.28970000102709,
    90.41959999922256,
    122.17819999932544,
    128.45970000125817,
    113.98430000008375,
    154.90739999950165,
    172.90170000160288,
    127.86989999949583,
    201.96820000091975,
    154.8929999989923,
    126.25189999926079,
    168.63569999986794,
    144.31599999988975,
    136.9923000002018,
    157.23820000130218,
    140.05429999997432,
    160.97719999925175,
    137.1330999991187,
    141.5218999991339,
    153.03010000025097,
    142.0825999994122,
    158.66490000007616,
    134.76790000095207,
    173.40780000085942,
    159.97150000112015,
    211.17939999930968,
    187.27730000136944,
    194.67709999844374,
    154.6239000017522,
    153.56020000035642,
    147.38190000025497,
    125.55170000086946,
    142.32460000130231,
    119.20119999922463,
    156.309500000134,
    148.8683999996283,
    123.19459999889659,
    157.0452000014484,
    105.46679999970365,
    85.01320000141277,
    121.68799999926705,
    84.37330000015208,
    91.64860000055342,
    90.7680000000255,
    132.47899999987567,
    91.63430000080552,
    93.27739999935147
  ],
  "corpus_count": 100,
  "k": 5,
  "created_at_unix": 1782066601
}